{
    "deteccion": {
        "ojo derecho": [
            459.06079500000004,
            833.9160633333332
        ],
        "ojo izquierdo": [
            811.7907083333334,
            879.9708333333334
        ]
    },
    "medidas": {
        "distancia ojos": [
            352.7299133333334,
            46.05477000000019
        ]
    }
}