{
    "deteccion": {
        "ojo derecho": [
            306.358025,
            364.23646333333335
        ],
        "ojo izquierdo": [
            457.39538,
            372.3179566666667
        ]
    },
    "medidas": {
        "distancia ojos": 151.25340703565237,
        "distancia ojo-frente": 6.987486935705881,
        "distancia ojo-boca": 207.7048987049716
    },
    "proporcion": {
        "frente-boca": 1.0336414161595247
    }
}