{
    "puntos calculados": {
        "ojo derecho": [
            306.35802205403644,
            364.23646036783856
        ],
        "ojo izquierdo": [
            457.3953806559245,
            372.3179524739583
        ]
    },
    "medidas": {
        "distancia ojos": 151.25341056682527,
        "distancia ojo-frente": 7.672258051371498,
        "distancia ojo-boca": 207.7049060380009
    },
    "proporcion": {
        "frente-boca": 1.0369382611018723
    }
}