{
    "puntos calculados": {
        "ojo derecho": [
            -1.2523054474917992,
            -0.06700657825347608
        ],
        "ojo izquierdo": [
            1.2523054474917992,
            0.06700657825347608
        ]
    },
    "medidas": {
        "distancia ojos": 2.5081936251787855,
        "distancia ojo-frente": 1.1123679548490244,
        "distancia ojo-boca": 2.485901988248829
    },
    "proporcion": {
        "frente-boca": 1.447470560025024
    },
    "angulos": {
        "ojo derecho": -0.08871646776809597,
        "ojo izquierdo": 0.08221732721102609
    }
}