{
    "contorno": [
        [
            216.9322509765625,
            755.7125854492188
        ],
        [
            201.15293884277344,
            872.451904296875
        ],
        [
            192.75465393066406,
            992.9819946289062
        ],
        [
            198.38987731933594,
            1110.7496337890625
        ],
        [
            225.1206512451172,
            1225.9454345703125
        ],
        [
            273.7584228515625,
            1323.899169921875
        ],
        [
            341.3636169433594,
            1411.3267822265625
        ],
        [
            416.44012451171875,
            1487.22998046875
        ],
        [
            518.2314453125,
            1517.7420654296875
        ],
        [
            625.91455078125,
            1514.4384765625
        ],
        [
            727.3152465820312,
            1454.0968017578125
        ],
        [
            824.9379272460938,
            1391.8084716796875
        ],
        [
            905.759033203125,
            1311.9532470703125
        ],
        [
            965.549072265625,
            1210.6441650390625
        ],
        [
            998.8704833984375,
            1106.09716796875
        ],
        [
            1027.1907958984375,
            1000.8103637695312
        ],
        [
            1045.7548828125,
            889.1471557617188
        ]
    ],
    "ceja derecha": [
        [
            292.87579345703125,
            751.82275390625
        ],
        [
            347.2427978515625,
            687.2474975585938
        ],
        [
            436.9259948730469,
            682.4505615234375
        ],
        [
            522.6868286132812,
            718.702880859375
        ],
        [
            597.6202392578125,
            773.1862182617188
        ]
    ],
    "ceja izquierda": [
        [
            715.8871459960938,
            784.2597045898438
        ],
        [
            798.1216430664062,
            751.9210815429688
        ],
        [
            885.6436157226562,
            739.5630493164062
        ],
        [
            965.2978515625,
            765.5074462890625
        ],
        [
            991.806396484375,
            841.87939453125
        ]
    ],
    "tabique": [
        [
            641.5377197265625,
            848.4180297851562
        ],
        [
            627.75634765625,
            931.7804565429688
        ],
        [
            614.080078125,
            1013.8207397460938
        ],
        [
            599.1240844726562,
            1098.5390625
        ]
    ],
    "fosas nasales": [
        [
            500.495361328125,
            1109.4779052734375
        ],
        [
            542.7836303710938,
            1133.378173828125
        ],
        [
            586.6990356445312,
            1157.802490234375
        ],
        [
            635.9744262695312,
            1149.5648193359375
        ],
        [
            682.4808349609375,
            1139.599609375
        ]
    ],
    "ojo derecho": [
        [
            388.21368408203125,
            824.9627075195312
        ],
        [
            434.61669921875,
            809.2349853515625
        ],
        [
            487.7032165527344,
            814.2897338867188
        ],
        [
            535.4088134765625,
            850.4998779296875
        ],
        [
            481.631591796875,
            855.586181640625
        ],
        [
            426.790771484375,
            848.9228515625
        ]
    ],
    "ojo izquierdo": [
        [
            738.650146484375,
            877.1126098632812
        ],
        [
            788.8577270507812,
            853.7753295898438
        ],
        [
            842.2620849609375,
            863.394775390625
        ],
        [
            881.6376342773438,
            888.6099853515625
        ],
        [
            836.4407348632812,
            902.4600219726562
        ],
        [
            782.8959350585938,
            894.4722900390625
        ]
    ],
    "labio superior": [
        [
            398.1187744140625,
            1192.68603515625
        ],
        [
            464.57568359375,
            1198.6732177734375
        ],
        [
            527.2244873046875,
            1209.447509765625
        ],
        [
            572.4338989257812,
            1226.934814453125
        ],
        [
            618.2483520507812,
            1223.38818359375
        ],
        [
            675.1735229492188,
            1232.096435546875
        ],
        [
            741.9200439453125,
            1243.2357177734375
        ],
        [
            521.9610595703125,
            1232.9932861328125
        ],
        [
            568.7391967773438,
            1246.630859375
        ],
        [
            614.3193359375,
            1246.3359375
        ]
    ],
    "labio inferior": [
        [
            664.1892700195312,
            1308.30908203125
        ],
        [
            602.3403930664062,
            1331.88330078125
        ],
        [
            553.6254272460938,
            1331.3428955078125
        ],
        [
            505.2426452636719,
            1317.005859375
        ],
        [
            446.7287902832031,
            1276.990966796875
        ],
        [
            422.2461242675781,
            1202.9412841796875
        ],
        [
            716.1638793945312,
            1247.552001953125
        ],
        [
            610.7408447265625,
            1278.231201171875
        ],
        [
            564.0966796875,
            1281.27880859375
        ],
        [
            517.0556640625,
            1266.585205078125
        ]
    ]
}