{
    "cara1": {
        "contorno": [
            [
                73.43991088867188,
                65.22112274169922
            ],
            [
                72.87470245361328,
                71.17298126220703
            ],
            [
                72.56770324707031,
                76.96834564208984
            ],
            [
                73.01309204101562,
                83.0015869140625
            ],
            [
                74.4665756225586,
                89.07575225830078
            ],
            [
                76.99468231201172,
                94.85079956054688
            ],
            [
                80.58697509765625,
                99.98025512695312
            ],
            [
                84.82880401611328,
                104.17433166503906
            ],
            [
                90.39311981201172,
                105.66069793701172
            ],
            [
                96.54103088378906,
                105.46979522705078
            ],
            [
                102.25849914550781,
                102.83130645751953
            ],
            [
                107.53473663330078,
                98.74238586425781
            ],
            [
                112.05554962158203,
                93.5630874633789
            ],
            [
                115.06147766113281,
                87.34671783447266
            ],
            [
                116.64839172363281,
                80.70218658447266
            ],
            [
                117.6683578491211,
                74.16060638427734
            ],
            [
                118.34297943115234,
                67.5282211303711
            ]
        ],
        "ceja derecha": [
            [
                75.32215881347656,
                59.07697296142578
            ],
            [
                77.82882690429688,
                55.73420715332031
            ],
            [
                82.24501037597656,
                54.541805267333984
            ],
            [
                86.84288024902344,
                55.23490524291992
            ],
            [
                90.92726135253906,
                57.06916809082031
            ]
        ],
        "ceja izquierda": [
            [
                95.5339584350586,
                57.348575592041016
            ],
            [
                100.41053009033203,
                55.62202453613281
            ],
            [
                105.83968353271484,
                55.70841979980469
            ],
            [
                110.98411560058594,
                57.743682861328125
            ],
            [
                113.8578109741211,
                61.96476364135742
            ]
        ],
        "tabique": [
            [
                92.6324462890625,
                60.1712760925293
            ],
            [
                92.15998840332031,
                63.70164108276367
            ],
            [
                91.63957977294922,
                67.20375061035156
            ],
            [
                91.12374877929688,
                70.9052963256836
            ]
        ],
        "fosas nasales": [
            [
                86.8426284790039,
                75.16172790527344
            ],
            [
                89.08332824707031,
                76.07341766357422
            ],
            [
                91.47584533691406,
                76.73258209228516
            ],
            [
                94.22150421142578,
                76.3157958984375
            ],
            [
                96.85648345947266,
                75.85121154785156
            ]
        ],
        "ojo derecho": [
            [
                79.11734771728516,
                61.463035583496094
            ],
            [
                81.42047882080078,
                59.52534866333008
            ],
            [
                84.42913818359375,
                59.573631286621094
            ],
            [
                87.2625503540039,
                61.87126159667969
            ],
            [
                84.3119125366211,
                62.19826126098633
            ],
            [
                81.24494171142578,
                62.34434127807617
            ]
        ],
        "ojo izquierdo": [
            [
                99.84838104248047,
                62.56642150878906
            ],
            [
                103.03131103515625,
                60.63416290283203
            ],
            [
                106.08257293701172,
                60.99605178833008
            ],
            [
                108.55414581298828,
                62.92137908935547
            ],
            [
                105.904296875,
                63.51622772216797
            ],
            [
                102.74515533447266,
                63.163917541503906
            ]
        ],
        "labio superior": [
            [
                82.33014678955078,
                84.42813873291016
            ],
            [
                85.51839447021484,
                82.52011108398438
            ],
            [
                89.23763275146484,
                81.73738098144531
            ],
            [
                91.7005615234375,
                82.57536315917969
            ],
            [
                94.63565063476562,
                81.9864273071289
            ],
            [
                98.93705749511719,
                83.3238525390625
            ],
            [
                103.01548767089844,
                85.78934478759766
            ],
            [
                89.16577911376953,
                83.95426177978516
            ],
            [
                91.64266204833984,
                84.41252899169922
            ],
            [
                94.52742004394531,
                84.29825592041016
            ]
        ],
        "labio inferior": [
            [
                98.67733764648438,
                89.86428833007812
            ],
            [
                94.36761474609375,
                91.29902648925781
            ],
            [
                91.28562927246094,
                91.35847473144531
            ],
            [
                88.58796691894531,
                90.9531021118164
            ],
            [
                85.1824951171875,
                88.86742401123047
            ],
            [
                83.66126251220703,
                84.63863372802734
            ],
            [
                101.42385864257812,
                85.74071502685547
            ],
            [
                94.35894775390625,
                87.90090942382812
            ],
            [
                91.43037414550781,
                88.08527374267578
            ],
            [
                88.87018585205078,
                87.4930419921875
            ]
        ]
    }
}