{
    "puntos calculados": {
        "ojo derecho": [
            -1.2684399039852783,
            -0.06740681910238888
        ],
        "ojo izquierdo": [
            1.26843990398528,
            0.06740681910238888
        ]
    },
    "medidas": {
        "unidad": 8.434212065679176,
        "distancia ojos": 2.5404593830909294,
        "distancia ojo-frente": 0.7652648325433229,
        "distancia ojo-boca": 2.891549207874225
    },
    "proporcion": {
        "frente-boca": 1.2646556491099528
    },
    "angulos": {
        "cara": 3.041923236408722,
        "ojo derecho": 0.0030148939136488083,
        "ojo izquierdo": 0.01234144205296045
    },
    "forma ojos": {
        "ratio ojo derecho": 0.3085724287047258,
        "ratio ojo izquierdo": 0.2599259757317538
    },
    "boundingbox": [
        63,
        37,
        60,
        60
    ]
}