{
    "caras": [
        {
            "boundingbox": [
                188,
                214,
                390,
                390
            ],
            "contorno": [
                [
                    226.35440063476562,
                    366.3722229003906
                ],
                [
                    225.35635375976562,
                    407.2084655761719
                ],
                [
                    230.02151489257812,
                    448.7034606933594
                ],
                [
                    238.3619384765625,
                    488.6036071777344
                ],
                [
                    250.56008911132812,
                    527.922607421875
                ],
                [
                    272.2165222167969,
                    560.6453247070312
                ],
                [
                    301.8138427734375,
                    587.56494140625
                ],
                [
                    336.8176574707031,
                    608.1407470703125
                ],
                [
                    376.525634765625,
                    615.3619384765625
                ],
                [
                    418.3557434082031,
                    610.7503662109375
                ],
                [
                    456.8668212890625,
                    591.759033203125
                ],
                [
                    490.1473388671875,
                    566.5822143554688
                ],
                [
                    516.2568969726562,
                    535.0775146484375
                ],
                [
                    532.7147216796875,
                    498.7857360839844
                ],
                [
                    544.124755859375,
                    460.6488952636719
                ],
                [
                    551.684326171875,
                    419.0243835449219
                ],
                [
                    554.537109375,
                    376.3175354003906
                ]
            ],
            "ceja derecha": [
                [
                    244.32252502441406,
                    326.16448974609375
                ],
                [
                    262.7666015625,
                    303.7862854003906
                ],
                [
                    293.4965515136719,
                    296.7608337402344
                ],
                [
                    325.3438415527344,
                    300.677734375
                ],
                [
                    355.1698913574219,
                    314.8619384765625
                ]
            ],
            "ceja izquierda": [
                [
                    404.4067077636719,
                    317.163818359375
                ],
                [
                    436.42828369140625,
                    304.1338806152344
                ],
                [
                    470.3931884765625,
                    302.734130859375
                ],
                [
                    502.6968688964844,
                    312.3076477050781
                ],
                [
                    524.8994750976562,
                    336.3541564941406
                ]
            ],
            "tabique": [
                [
                    381.48455810546875,
                    359.5835266113281
                ],
                [
                    380.0769958496094,
                    384.6471862792969
                ],
                [
                    378.42913818359375,
                    409.2293395996094
                ],
                [
                    376.74468994140625,
                    434.9945373535156
                ]
            ],
            "fosas nasales": [
                [
                    346.5361633300781,
                    461.0937194824219
                ],
                [
                    361.2940673828125,
                    464.9194030761719
                ],
                [
                    376.8133239746094,
                    468.8316955566406
                ],
                [
                    393.354736328125,
                    467.0733947753906
                ],
                [
                    408.6645202636719,
                    464.6861572265625
                ]
            ],
            "ojo derecho": [
                [
                    278.59246826171875,
                    361.82049560546875
                ],
                [
                    296.1203918457031,
                    353.9981994628906
                ],
                [
                    316.84173583984375,
                    356.2165832519531
                ],
                [
                    337.7176208496094,
                    370.2835388183594
                ],
                [
                    315.1885681152344,
                    372.4242858886719
                ],
                [
                    293.6873474121094,
                    370.6756591796875
                ]
            ],
            "ojo izquierdo": [
                [
                    426.41693115234375,
                    375.1188659667969
                ],
                [
                    446.9002990722656,
                    362.6961975097656
                ],
                [
                    468.3116455078125,
                    363.2934875488281
                ],
                [
                    487.27142333984375,
                    373.36810302734375
                ],
                [
                    468.9400329589844,
                    380.06427001953125
                ],
                [
                    446.5319519042969,
                    379.3667907714844
                ]
            ],
            "labio superior": [
                [
                    318.9747009277344,
                    516.94873046875
                ],
                [
                    338.9363708496094,
                    499.2000427246094
                ],
                [
                    360.89434814453125,
                    490.4289855957031
                ],
                [
                    375.83734130859375,
                    494.9028015136719
                ],
                [
                    390.5760498046875,
                    492.1962585449219
                ],
                [
                    412.739990234375,
                    503.46807861328125
                ],
                [
                    436.1226501464844,
                    522.8359375
                ],
                [
                    359.75396728515625,
                    511.33050537109375
                ],
                [
                    375.18780517578125,
                    512.859619140625
                ],
                [
                    390.25775146484375,
                    513.4959106445312
                ]
            ],