{
    "puntos calculados": {
        "ojo derecho": [
            -1.204502033486863,
            -0.15726784932162796
        ],
        "ojo izquierdo": [
            1.2045020334868635,
            0.15726784932162796
        ]
    },
    "medidas": {
        "unidad": 146.42146901414,
        "distancia ojos": 2.429451234418373,
        "distancia ojo-frente": 0.9284771473374226,
        "distancia ojo-boca": 2.7558824447974675
    },
    "proporcion": {
        "frente-boca": 1.3369073848161392
    },
    "angulos": {
        "cara": 7.438839418787268,
        "ojo derecho": -0.0419498165163825,
        "ojo izquierdo": 0.04959660137625012
    },
    "forma ojos": {
        "ratio ojo derecho": 0.2783156745013508,
        "ratio ojo izquierdo": 0.28336621379055604
    },
    "boundingbox": [
        130,
        444,
        976,
        976
    ]
}