{
    "caras": [
        {
            "boundingbox": [
                591,
                115,
                144,
                144
            ],
            "contorno": [
                [
                    590.2706909179688,
                    157.61766052246094
                ],
                [
                    586.570068359375,
                    176.11866760253906
                ],
                [
                    585.5241088867188,
                    196.33392333984375
                ],
                [
                    588.1296997070312,
                    216.18467712402344
                ],
                [
                    595.0175170898438,
                    233.74766540527344
                ],
                [
                    605.6265869140625,
                    249.46229553222656
                ],
                [
                    617.248291015625,
                    263.2313232421875
                ],
                [
                    630.2225341796875,
                    274.8310241699219
                ],
                [
                    643.8154296875,
                    278.7916259765625
                ],
                [
                    657.1221313476562,
                    275.6182556152344
                ],
                [
                    668.4088745117188,
                    264.0830993652344
                ],
                [
                    678.21923828125,
                    251.33091735839844
                ],
                [
                    688.9425659179688,
                    238.3544464111328
                ],
                [
                    697.725830078125,
                    224.7677459716797
                ],
                [
                    704.0164794921875,
                    210.05905151367188
                ],
                [
                    706.7193603515625,
                    194.33523559570312
                ],
                [
                    707.014404296875,
                    179.77333068847656
                ]
            ],
            "ceja derecha": [
                [
                    615.7863159179688,
                    152.71189880371094
                ],
                [
                    626.7076416015625,
                    148.97776794433594
                ],
                [
                    638.8656005859375,
                    149.31045532226562
                ],
                [
                    649.4940795898438,
                    154.93862915039062
                ],
                [
                    658.2159423828125,
                    163.3141326904297
                ]
            ],
            "ceja izquierda": [
                [
                    671.87353515625,
                    167.46458435058594
                ],
                [
                    679.3001098632812,
                    163.6461181640625
                ],
                [
                    688.2890625,
                    162.35736083984375
                ],
                [
                    696.9411010742188,
                    163.10044860839844
                ],
                [
                    701.6873168945312,
                    168.53384399414062
                ]
            ],
            "tabique": [
                [
                    664.3280639648438,
                    175.50811767578125
                ],
                [
                    663.7097778320312,
                    187.149169921875
                ],
                [
                    663.3255004882812,
                    198.68679809570312
                ],
                [
                    662.823486328125,
                    210.8766632080078
                ]
            ],
            "fosas nasales": [
                [
                    647.2631225585938,
                    214.74386596679688
                ],
                [
                    652.4635620117188,
                    218.0797576904297
                ],
                [
                    658.3919067382812,
                    221.12347412109375
                ],
                [
                    664.477783203125,
                    220.02255249023438
                ],
                [
                    669.6886596679688,
                    217.55441284179688
                ]
            ],
            "ojo derecho": [
                [
                    626.2484130859375,
                    166.73423767089844
                ],
                [
                    633.418701171875,
                    166.01348876953125
                ],
                [
                    640.412841796875,
                    167.77268981933594
                ],
                [
                    646.2474365234375,
                    173.59983825683594
                ],
                [
                    638.7020263671875,
                    172.92742919921875
                ],
                [
                    631.5320434570312,
                    171.1251220703125
                ]
            ],
            "ojo izquierdo": [
                [
                    674.2302856445312,
                    179.21231079101562
                ],
                [
                    680.8109130859375,
                    176.44174194335938
                ],
                [
                    687.1696166992188,
                    176.87538146972656
                ],
                [
                    691.638671875,
                    180.10926818847656
                ],
                [
                    686.7326049804688,
                    181.9070281982422
                ],
                [
                    680.3502807617188,
                    181.04837036132812
                ]
            ],
            "labio superior": [
                [
                    629.4938354492188,
                    229.84552001953125
                ],
                [
                    640.9264526367188,
                    229.86215209960938
                ],
                [
                    650.9153442382812,
                    229.7171630859375
                ],
                [
                    656.294921875,
                    232.1592254638672
                ],
                [
                    661.1764526367188,
                    231.02310180664062
                ],
                [
                    666.880126953125,
                    232.60763549804688
                ],
                [
                    671.1531982421875,
                    235.97418212890625
                ],
                [
                    649.7804565429688,
                    233.9375457763672
                ],
                [
                    655.5396728515625,
                    235.4036865234375
                ],
                [
                    660.2276611328125,
                    235.0608367919922
                ]
            ],